{
	"credit": "Made with Blockbench",
	"parent": "guangjian",
	"texture_size": [32, 32],
	"textures": {
		"0": "custom/guangjian/texture1",
		"1": "custom/guangjian/texture2",
		"2": "custom/guangjian/texture3",
		"3": "custom/guangjian/texture4",
		"particle": "custom/guangjian/texture1"
	},
	"elements": [
		{
			"from": [8, 3, 6],
			"to": [9, 5, 7],
			"faces": {
				"north": {"uv": [0, 0, 2, 4], "texture": "#1"},
				"east": {"uv": [0, 0, 2, 4], "texture": "#1"},
				"south": {"uv": [0, 0, 2, 4], "texture": "#1"},
				"west": {"uv": [0, 0, 2, 4], "texture": "#1"},
				"up": {"uv": [0, 0, 2, 2], "texture": "#1"},
				"down": {"uv": [0, 0, 2, 2], "texture": "#1"}
			}
		},
		{
			"from": [9, 4, 7],
			"to": [10, 5, 8],
			"faces": {
				"north": {"uv": [0, 0, 2, 2], "texture": "#1"},
				"east": {"uv": [0, 2, 2, 4], "texture": "#1"},
				"south": {"uv": [2, 0, 4, 2], "texture": "#1"},
				"west": {"uv": [2, 2, 4, 4], "texture": "#1"},
				"up": {"uv": [2, 6, 0, 4], "texture": "#1"},
				"down": {"uv": [6, 0, 4, 2], "texture": "#1"}
			}
		},
		{
			"from": [7.5, 9, 7.5],
			"to": [8.5, 32, 8.5],
			"faces": {
				"north": {"uv": [0, 0, 1, 9], "texture": "#3"},
				"east": {"uv": [1, 0, 2, 9], "texture": "#3"},
				"south": {"uv": [2, 0, 3, 9], "texture": "#3"},
				"west": {"uv": [3, 0, 4, 9], "texture": "#3"},
				"up": {"uv": [5, 1, 4, 0], "texture": "#3"},
				"down": {"uv": [5, 1, 4, 2], "texture": "#3"}
			}
		},
		{
			"from": [7, 1, 7],
			"to": [9, 8, 9],
			"faces": {
				"north": {"uv": [0, 0, 2, 5], "texture": "#0"},
				"east": {"uv": [2, 0, 4, 5], "texture": "#0"},
				"south": {"uv": [4, 0, 6, 5], "texture": "#0"},
				"west": {"uv": [0, 5, 2, 10], "texture": "#0"},
				"up": {"uv": [4, 7, 2, 5], "texture": "#0"},
				"down": {"uv": [6, 5, 4, 7], "texture": "#0"}
			}
		},
		{
			"from": [7, 8, 7],
			"to": [9, 9, 9],
			"faces": {
				"north": {"uv": [4, 0, 8, 2], "texture": "#2"},
				"east": {"uv": [4, 2, 8, 4], "texture": "#2"},
				"south": {"uv": [4, 4, 8, 6], "texture": "#2"},
				"west": {"uv": [4, 6, 8, 8], "texture": "#2"},
				"up": {"uv": [4, 4, 0, 0], "texture": "#2"},
				"down": {"uv": [4, 4, 0, 8], "texture": "#2"}
			}
		}
	],
	"display": {
		"thirdperson_righthand": {
			"translation": [0, 7, 1.75],
			"scale": [0.61, 0.98, 0.64]
		}
	},
	"groups": [
		{
			"name": "guangjian",
			"origin": [8, 8, 8],
			"color": 0,
			"children": [0, 1, 2, 3, 4]
		}
	]
}